Timestamp (ms),Left Eye Center X,Left Eye Center Y,Right Eye Center X,Right Eye Center Y,Left Iris Relative Pos Dx,Left Iris Relative Pos Dy,Right Iris Relative Pos Dx,Right Iris Relative Pos Dy,Total Blink Count,Pitch,Yaw,Roll,Gaze Direction,Violation Detected,Violation Count,Gaze Confidence,Proctoring Enabled,Cheat Detected,Suspicious Movements,Eye Movement Velocity
1758350109032,378.0,246.0,302.0,248.5,91,-4,-59,0,0,0.0,0.0,0.0,within_screen,False,0,0.0,True,False,0,0
1758350109250,378.5,244.0,302.5,247.5,91,-4,-60,0,0,0.4066251108590251,-1.2048075725244232,0.13373128868117545,within_screen,False,0,0.0,True,False,0,0
1758350109301,378.0,244.0,302.0,247.5,91,-4,-59,0,0,0.4494611821047467,-1.1150217263948647,0.1003136288151687,within_screen,False,0,0.0,True,False,0,0.5
1758350109346,378.5,244.0,302.0,247.5,91,-4,-59,0,0,0.4601229427888285,-1.6434039877571447,0.16761429397518324,within_screen,False,0,0.0,True,False,0,0.25
1758350109403,378.5,244.0,302.0,247.5,91,-4,-60,0,0,0.47512501915030114,-1.501813197032864,0.14078709699677772,within_screen,False,0,0.0,True,False,0,0.0
1758350109458,379.0,244.0,302.5,247.5,92,-3,-60,0,0,0.421111563175776,-1.7705139313464677,0.2308544583054839,within_screen,False,0,0.0,True,False,0,0.5
1758350109507,379.0,244.0,302.5,247.0,91,-3,-60,0,0,0.2501596412924041,-1.8045669240080757,0.2914719859873425,within_screen,False,0,0.0,True,False,0,0.25
1758350109557,379.0,245.0,302.5,247.0,91,-2,-60,1,0,0.13007541320520133,-1.9521137797378998,0.35939747386531873,within_screen,False,0,0.0,True,False,0,0.5
1758350109615,379.0,244.5,302.0,247.0,92,-3,-60,1,0,0.02516925409511117,-2.1309496040479425,0.4141129834793067,within_screen,False,0,0.0,True,False,0,0.3535533905932738
1758350109661,378.5,244.5,302.0,247.0,91,-3,-59,1,0,-0.1304887664978036,-2.3282423418738283,0.4625172822447001,within_screen,False,0,0.0,True,False,0,0.25
1758350109707,378.0,244.5,302.0,246.5,91,-4,-59,0,0,-0.2269096163647255,-2.441249147072914,0.4842281105884556,within_screen,False,0,0.0,True,False,0,0.3535533905932738
1758350109752,378.0,244.5,301.0,246.5,91,-4,-60,0,0,-0.2962147042081025,-2.5187096625518945,0.473058683004135,within_screen,False,0,0.0,True,False,0,0.5
1758350109802,378.0,244.0,301.0,246.5,91,-3,-60,0,0,-0.4140785469338599,-2.7654810802535046,0.4718013221829034,within_screen,False,0,0.0,True,False,0,0.25
1758350109845,378.0,244.0,301.0,246.5,91,-3,-60,0,0,-0.4371820705431073,-2.843678197460802,0.4363635055680197,within_screen,False,0,0.0,True,False,0,0.0
1758350109891,378.0,244.0,301.0,246.5,92,-3,-60,0,0,-0.27934366839807545,-3.2324458719278777,0.39996005333544304,within_screen,False,0,0.0,True,False,0,0.0
1758350109936,378.0,244.0,301.0,246.5,92,-3,-60,0,0,-0.1739699723630661,-3.628339869988597,0.38994937267061514,within_screen,False,0,0.0,True,False,0,0.0
1758350109981,378.0,243.5,301.0,246.5,92,-4,-60,1,0,-0.08165125932977624,-3.8483877906330184,0.3955363284508191,within_screen,False,0,0.0,True,False,0,0.25
1758350110026,378.0,243.5,301.0,246.5,92,-4,-60,1,0,-0.0007082451753781527,-4.0428706988018925,0.4131078908269381,within_screen,False,0,0.0,True,False,0,0.0
1758350110083,378.0,243.5,301.0,246.5,92,-4,-60,1,0,0.04692929075459773,-4.053017230826457,0.4051409389885221,within_screen,False,0,0.0,True,False,0,0.0
1758350110134,378.0,243.0,301.0,246.5,92,-4,-60,1,0,0.07854367639748361,-4.11897753324718,0.4105509753484702,within_screen,False,0,0.0,True,False,0,0.25
1758350110181,378.0,243.0,301.0,245.5,92,-3,-60,0,0,0.07513582314549971,-4.206163494860375,0.4370774569468847,within_screen,False,0,0.0,True,False,0,0.5
1758350110226,378.0,243.0,301.5,245.5,91,-3,-60,0,0,0.10596855979507858,-4.041713034583036,0.43059038606154654,within_screen,False,0,0.0,True,False,0,0.25
1758350110270,378.5,242.5,301.5,245.5,91,-4,-61,0,0,0.0309541753882705,-3.94575720263064,0.4052267882592777,within_screen,False,0,0.0,True,False,0,0.3535533905932738
1758350110332,378.5,242.5,302.0,245.5,91,-4,-60,0,0,-0.04856092115038635,-3.8121184561728176,0.39031935619016345,within_screen,False,0,0.0,True,False,0,0.25
1758350110377,378.5,243.0,302.0,245.5,91,-3,-60,0,0,-0.09045279245036753,-3.826182340188959,0.4116462758221353,within_screen,False,0,0.0,True,False,0,0.25
1758350110425,378.5,243.0,302.0,245.5,91,-3,-60,0,0,-0.07603382365953415,-3.884099015580648,0.41972067582138806,within_screen,False,0,0.0,True,False,0,0.0
1758350110487,378.5,243.0,302.0,245.5,91,-3,-60,0,0,-0.1624677752025523,-3.981550158383608,0.45000668529318744,within_screen,False,0,0.0,True,False,0,0.0
1758350110534,378.5,243.0,302.0,245.5,91,-3,-60,0,0,-0.07602860811323708,-4.002287171327629,0.4517134636551805,within_screen,False,0,0.0,True,False,0,0.0
1758350110581,378.5,243.0,302.0,245.5,91,-3,-60,0,0,-0.004857393069215732,-4.0870929543336105,0.44873810660672797,within_screen,False,0,0.0,True,False,0,0.0
1758350110627,378.5,243.0,302.0,245.5,91,-3,-60,0,0,0.02140209786214875,-4.198502308245389,0.4850579222555613,within_screen,False,0,0.0,True,False,0,0.0
1758350110678,378.5,243.0,302.0,245.5,91,-3,-60,0,0,0.08465489024634643,-4.238718302321118,0.5152309935634178,within_screen,False,0,0.0,True,False,0,0.0
1758350110738,378.5,243.0,302.0,245.5,91,-3,-60,0,0,0.13499013035587204,-4.26300126519749,0.5142356029984174,within_screen,False,0,0.0,True,False,0,0.0
1758350110787,378.5,243.0,302.0,245.0,91,-2,-60,0,0,0.031006874348202373,-4.348989017056808,0.553590136503846,within_screen,False,0,0.0,True,False,0,0.25
1758350110846,378.5,242.5,302.0,245.0,90,-3,-60,1,0,0.016901985493728233,-4.286979126669918,0.586124467262757,within_screen,False,0,0.0,True,False,0,0.25
1758350110900,378.5,242.0,302.0,244.0,90,-3,-60,1,0,0.08118821839428847,-4.140391667578334,0.6249506112494438,within_screen,False,0,0.0,True,False,0,0.75
1758350110940,378.5,241.0,302.5,242.5,90,-3,-60,0,0,0.0704193689314554,-4.208246596000554,0.7184629817506571,within_screen,False,0,0.0,True,False,0,1.2747548783981961
1758350110991,378.5,239.0,303.0,241.0,90,-3,-59,0,0,0.061793974933189943,-4.531430318025835,0.8305397796346261,off_screen_up,True,0,0.5729166666666666,True,False,0,1.7677669529663689
1758350111036,378.5,237.0,303.0,239.0,90,-3,-59,0,0,0.07246044002910068,-5.101858882925387,0.9581874348566757,off_screen_up,True,0,0.65625,True,False,0,2.0
1758350111111,378.5,235.0,304.0,236.5,89,-3,-59,-1,0,0.15380551483683114,-5.7775993235775385,1.0898512024518565,off_screen_up,True,0,0.75,True,False,1,2.3048861143232218
1758350111159,379.5,232.0,304.5,233.5,89,-3,-59,-1,0,0.4166712973733038,-6.537662110703071,1.2207573095306388,off_screen_up,True,0,0.95,True,True,2,3.092329219213245
1758350111212,379.5,230.0,305.0,231.0,89,-2,-58,0,0,0.8974546835815698,-7.4674420955835625,1.3594712853549138,off_screen_up,True,0,0.95,True,True,3,2.2638462845343543
1758350111262,379.5,228.0,306.0,228.5,88,-2,-58,-1,0,1.5311969684305584,-8.394772411221746,1.4576982019841866,off_screen_up,True,0,0.95,True,True,4,2.3048861143232218
1758350111331,380.5,224.0,306.5,225.5,88,-3,-58,0,0,2.3527833082566882,-9.264214002630418,1.4830725677102414,off_screen_up,True,0,0.95,True,True,5,3.5794552658190883
1758350111380,380.5,222.0,307.5,222.5,87,-2,-58,0,0,3.3534436254408675,-9.836547901540005,1.4897753655284238,off_screen_up,True,0,0.95,True,True,6,2.5495097567963922
1758350111444,381.0,220.0,308.0,220.5,87,-3,-57,0,0,4.608393900907128,-10.130909674767313,1.434145400285309,off_screen_up,True,0,0.95,True,True,7,2.0615528128088303
1758350111494,380.5,218.0,309.0,218.5,86,-3,-56,0,0,5.892757189956594,-10.309040521111857,1.4062093110976628,off_screen_up,True,0,0.95,True,True,8,2.0155644370746373
1758350111552,380.5,217.0,308.5,217.5,85,-3,-58,0,0,7.130976338097746,-10.317938865342125,1.38963225745165,off_screen_up,True,0,0.95,True,True,9,1.0307764064044151
1758350111598,380.0,216.0,308.5,216.5,86,-3,-57,0,0,8.28161385490046,-10.268945951120498,1.3220404001500226,off_screen_up,True,0,0.95,True,True,10,1.0307764064044151
1758350111650,379.5,215.5,307.5,216.5,85,-4,-58,0,0,9.286441552013763,-10.20951967506642,1.2377797239944193,off_screen_up,True,0,0.95,True,True,11,0.7905694150420949
1758350111718,378.5,215.0,307.0,216.0,85,-4,-57,0,0,10.107047008655094,-10.103513992433337,1.1667399947004253,off_screen_up,True,0,0.95,True,True,12,0.9013878188659973
1758350111766,378.0,215.0,306.5,216.0,85,-4,-58,1,0,10.787969370043854,-10.0127760424516,1.0528305003666816,off_screen_up,True,0,0.95,True,True,13,0.5
1758350111818,377.5,215.0,305.5,216.5,85,-4,-58,1,0,11.365982222765734,-9.962155204569978,0.9426852915414021,off_screen_up,True,0,0.95,True,True,14,0.7905694150420949
1758350111883,377.0,215.0,305.5,216.5,85,-5,-58,1,0,11.914198136224783,-9.78562099635984,0.79529271788863,off_screen_up,True,0,0.95,True,True,15,0.25
1758350111967,377.0,215.0,305.5,217.0,85,-5,-57,1,0,12.472150815499024,-9.44703180398129,0.5945069111114689,off_screen_up,True,0,0.95,True,True,16,0.25
1758350112015,376.5,215.0,304.5,217.0,85,-5,-58,2,0,12.9433690159265,-9.117452563112892,0.35825641488101323,off_screen_up,True,0,0.95,True,True,16,0.75
1758350112064,376.0,215.0,304.5,217.0,85,-5,-57,2,0,13.275796920496294,-8.857067662905255,0.17032413027325144,off_screen_up,True,0,0.95,True,True,16,0.25
1758350112114,376.0,215.0,304.5,217.0,85,-5,-57,2,0,13.612620728664478,-8.49138960978195,-0.019653303680484235,off_screen_up,True,0,0.95,True,True,16,0.0
1758350112159,375.5,215.0,304.5,217.0,84,-5,-57,1,0,13.939121610797539,-8.198055923856625,-0.15013295096115797,off_screen_up,True,0,0.95,True,True,16,0.25
1758350112206,375.5,215.0,304.5161437988281,217.6774139404297,84,-6,-57,1,0,14.247081692166198,-7.841422867945056,-0.2976356178432673,off_screen_up,True,0,0.95,True,True,16,0.33880313934830913
1758350112249,375.5,215.5,304.5161437988281,217.6774139404297,84,-6,-57,1,0,14.501188142447486,-7.669839126952446,-0.38103809235672736,off_screen_up,True,0,0.95,True,True,16,0.25
1758350112308,375.5,215.5,304.5,218.0,84,-6,-57,2,0,14.618871893274154,-7.632746961797264,-0.42334800319888277,off_screen_up,True,0,0.95,True,True,16,0.16149488232580636
1758350112358,376.0,215.5,304.5,218.0,85,-6,-57,2,0,14.712981777215195,-7.66657524756479,-0.43490525430571836,off_screen_up,True,0,0.95,True,True,16,0.25
1758350112413,376.0,215.5,304.5,218.0,85,-6,-57,2,0,14.890834467458891,-7.574233514865662,-0.43402776475661575,off_screen_up,True,0,0.95,True,True,16,0.0
1758350112469,376.0,215.5,304.5,218.5,85,-6,-57,2,0,15.077730247458824,-7.522504408662751,-0.42260164007320844,off_screen_up,True,0,0.95,True,True,16,0.25
1758350112523,375.5,215.5,304.5,218.5,84,-6,-57,2,0,15.153559799076401,-7.545361002507268,-0.4028794390414667,off_screen_up,True,0,0.95,True,True,16,0.25
1758350112588,375.0,215.5,304.5,218.5,84,-6,-57,2,0,15.146500000032862,-7.642702334110048,-0.39819691592922224,off_screen_up,True,0,0.95,True,True,16,0.25
1758350112646,375.0,215.5,304.5,218.5,84,-6,-57,1,0,15.027315657011716,-7.779728264942066,-0.39644306606686763,off_screen_up,True,0,0.95,True,True,16,0.0
1758350112711,375.0,216.0,304.5,218.5,84,-5,-57,2,0,14.89524718804558,-7.754606581062855,-0.42112258479592146,off_screen_up,True,0,0.95,True,True,16,0.25
1758350112774,375.0,216.0,304.58953857421875,218.5746307373047,84,-6,-57,1,0,14.807411994293041,-7.6679979798537525,-0.503292321269944,off_screen_up,True,0,0.95,True,True,16,0.05828143620349424
1758350112848,375.5,216.0,304.5,219.0,83,-6,-57,2,0,14.6704155446681,-7.536055860931808,-0.5899527306176893,off_screen_up,True,0,0.95,True,True,16,0.2955577742592514
1758350112896,376.0,216.0,305.0,219.0,84,-6,-56,2,0,14.551891980667822,-7.433705486034022,-0.6895882563880544,off_screen_up,True,0,0.95,True,True,16,0.5
1758350112959,376.0,216.0,305.0,219.0,84,-6,-56,2,0,14.42498699559886,-7.427928711244821,-0.7369387044641322,off_screen_up,True,0,0.95,True,True,16,0.0
1758350113010,376.0,216.0,305.0,219.0,84,-6,-56,2,0,14.38372180697758,-7.471119704669649,-0.7860054213243037,off_screen_up,True,0,0.95,True,True,16,0.0
1758350113059,376.0,216.0,305.5,219.0,84,-6,-56,2,0,14.419212285890783,-7.443747770629873,-0.8133562084306609,off_screen_up,True,0,0.95,True,True,16,0.25
1758350113107,376.0,216.0,305.5,219.0,84,-6,-57,2,0,14.481263389086042,-7.3293273835207415,-0.857369900308909,off_screen_up,True,0,0.95,True,True,16,0.0
1758350113176,376.0,216.0,305.5,219.0,84,-6,-57,2,0,14.564283502530216,-7.299451511063866,-0.8612203113122612,off_screen_up,True,0,0.95,True,True,16,0.0
1758350113225,376.5,216.5,305.5,219.0,84,-6,-57,2,0,14.649675736638375,-7.339195749178119,-0.8373199436978971,off_screen_up,True,0,0.95,True,True,16,0.3535533905932738
1758350113278,376.5,216.5,305.5,219.0,83,-6,-57,2,0,14.69883192287882,-7.426721528662556,-0.812282374720017,off_screen_up,True,0,0.95,True,True,16,0.0
1758350113344,376.5,216.5,306.0,219.0,83,-6,-56,2,0,14.750652165538849,-7.470810417188012,-0.8063806572118288,off_screen_up,True,0,0.95,True,True,17,0.25
1758350113401,376.5,216.5,306.5,219.0,83,-6,-56,2,0,14.897047512066312,-7.4247858326039715,-0.7719753590434362,off_screen_up,True,0,0.95,True,True,18,0.25
1758350113458,376.5,216.5,306.5,219.0,83,-6,-56,2,0,14.97423922359894,-7.330779875645982,-0.7479023095605335,off_screen_up,True,0,0.95,True,True,19,0.0
1758350113516,376.5,217.0,306.5,219.0,83,-5,-56,2,0,15.03289869493917,-7.283062341984167,-0.7182818972228602,off_screen_up,True,0,0.95,True,True,20,0.25
1758350113568,377.0,217.0,305.5,219.0,85,-5,-57,1,0,15.036479750027112,-7.348189919761678,-0.6859821927726486,off_screen_up,True,0,0.95,True,True,21,0.25
1758350113614,376.5,216.5,305.5,219.0,84,-6,-57,1,0,15.022714559778834,-7.406437659906039,-0.6618611447364646,off_screen_up,True,0,0.95,True,True,21,0.3535533905932738
1758350113660,376.0,216.0,305.5,219.0,84,-6,-57,2,0,14.988440467411788,-7.473631765304111,-0.6201848934719503,off_screen_up,True,0,0.95,True,True,21,0.3535533905932738
1758350113711,376.0,216.0,305.5,219.0,84,-6,-57,2,0,14.945219531371048,-7.499073853986836,-0.5986993801032443,off_screen_up,True,0,0.95,True,True,21,0.0
1758350113752,376.0,216.0,305.5,219.0,84,-6,-57,2,0,14.891552074152148,-7.54082498336462,-0.5837786769004958,off_screen_up,True,0,0.95,True,True,21,0.0
1758350113794,376.0,216.0,305.5,219.0,84,-6,-57,2,0,14.755903602928854,-7.524546468868449,-0.6290282176744748,off_screen_up,True,0,0.95,True,True,21,0.0
1758350113849,376.0,216.0,305.5,219.0,84,-6,-57,2,0,14.555030195011984,-7.495604758234026,-0.6823798668700065,off_screen_up,True,0,0.95,True,True,21,0.0
1758350113894,376.0,216.0,305.5,219.0,84,-6,-57,2,0,14.530124022032211,-7.505896032002287,-0.6912705089739193,off_screen_up,True,0,0.95,True,True,21,0.0
1758350113955,376.0,216.0,305.5,219.0,84,-6,-57,2,0,14.561019980307876,-7.404210798658937,-0.7015603599144713,off_screen_up,True,0,0.95,True,True,21,0.0
1758350113995,376.0,216.0,305.5,219.0,84,-6,-57,2,0,14.57293861165304,-7.371758023281156,-0.7185344211459732,off_screen_up,True,0,0.95,True,True,21,0.0
1758350114077,376.0,216.0,305.5,219.0,84,-6,-57,2,0,14.616258807886954,-7.354498279606325,-0.7302294083467546,off_screen_up,True,0,0.95,True,True,21,0.0
1758350114140,376.0,216.0,305.5,219.0,84,-6,-57,2,0,14.654919540094621,-7.350899367207864,-0.7379854400231252,off_screen_up,True,0,0.95,True,True,21,0.0
1758350114202,376.0,216.0,305.5,218.5,84,-6,-57,1,0,14.693233757214184,-7.418025122779229,-0.6854516303701543,off_screen_up,True,0,0.95,True,True,21,0.25
1758350114252,376.0,216.0,305.5,218.5,84,-6,-57,1,0,14.856703143057363,-7.498823208987147,-0.6303096210530836,off_screen_up,True,0,0.95,True,True,21,0.0
1758350114301,376.0,216.0,305.5,218.5,84,-6,-57,1,0,14.97382597727431,-7.582976864093002,-0.5621065525673394,off_screen_up,True,0,0.95,True,True,21,0.0
1758350114342,376.0,216.0,305.58953857421875,218.5746307373047,84,-6,-57,1,0,15.029804406914124,-7.655702284961056,-0.5303780545051455,off_screen_up,True,0,0.95,True,True,21,0.05828143620349424
1758350114392,376.0,216.5,305.58953857421875,218.5746307373047,84,-6,-57,1,0,15.085782836553939,-7.7284277058291115,-0.4986495564429516,off_screen_up,True,0,0.95,True,True,21,0.25
1758350114440,376.0,216.0,305.5,219.0,84,-6,-56,2,0,15.071528201840273,-7.683794986155443,-0.528950804341362,off_screen_up,True,0,0.95,True,True,21,0.05828143620349424
1758350114489,376.0,216.0,305.5,219.0,84,-6,-57,2,0,15.091966057799034,-7.652921941748074,-0.5428947394117176,off_screen_up,True,0,0.95,True,True,21,0.0
1758350114531,376.0,216.0,305.5,219.0,84,-6,-57,2,0,15.048229466627546,-7.5959549971355855,-0.5814397424746454,off_screen_up,True,0,0.95,True,True,21,0.0
1758350114588,376.0,216.0,305.0,219.0,84,-6,-57,2,0,14.980978467005166,-7.5322068341133885,-0.6287334342889204,off_screen_up,True,0,0.95,True,True,21,0.25
1758350114629,376.0,216.0,305.0,219.0,84,-6,-57,2,0,14.887016958264262,-7.550517653546417,-0.6793533099836275,off_screen_up,True,0,0.95,True,True,21,0.0
1758350114686,376.0,216.0,305.0,219.0,84,-6,-57,2,0,14.941971450257558,-7.472469797593597,-0.686438928129419,off_screen_up,True,0,0.95,True,True,21,0.0
1758350114730,376.0,216.0,305.0,219.0,84,-6,-57,2,0,14.940529696095826,-7.554970139834722,-0.6894147899694585,off_screen_up,True,0,0.95,True,True,21,0.0
1758350114804,376.5,216.0,305.0,219.0,84,-6,-57,2,0,14.929185326312236,-7.604138603019931,-0.6469347123430733,off_screen_up,True,0,0.95,True,True,21,0.25
1758350114854,376.5,216.0,305.5,219.0,84,-6,-57,2,0,15.000856457322573,-7.677461637125324,-0.5931399917838585,off_screen_up,True,0,0.95,True,True,21,0.25
1758350114909,376.5,216.0,305.5,219.0,84,-6,-57,2,0,15.089732313602354,-7.746090738857692,-0.5466507601522705,off_screen_up,True,0,0.95,True,True,21,0.0
1758350114960,376.5,216.0,305.5,219.0,84,-6,-57,2,0,15.213159140487775,-7.816905745850183,-0.4992883610342802,off_screen_up,True,0,0.95,True,True,21,0.0
1758350115020,376.5,216.5,305.5,219.0,84,-6,-57,2,0,15.337913482296173,-7.846126261919526,-0.450167835843434,off_screen_up,True,0,0.95,True,True,21,0.25
1758350115073,376.5,216.5,305.5,219.0,84,-6,-57,2,0,15.382603857477672,-7.876429695947282,-0.4246000012472231,off_screen_up,True,0,0.95,True,True,21,0.0
1758350115139,376.5,216.0,305.5,219.0,84,-6,-57,2,0,15.261649264866847,-7.854993082234816,-0.44113334902916446,off_screen_up,True,0,0.95,True,True,21,0.25
1758350115192,376.5,216.0,305.5,219.0,84,-6,-57,2,0,15.25378989967631,-7.819343423543295,-0.4317349122448806,off_screen_up,True,0,0.95,True,True,21,0.0
1758350115252,376.5,216.0,305.5,219.0,84,-6,-57,2,0,15.245209657404914,-7.824943935972337,-0.42382440638061736,off_screen_up,True,0,0.95,True,True,21,0.0
1758350115315,376.0,216.0,305.5,219.0,84,-6,-57,2,0,15.154471860505229,-7.768073455764247,-0.4558824558082062,off_screen_up,True,0,0.95,True,True,21,0.25
1758350115366,376.0,216.0,305.0,219.0,84,-6,-57,2,0,15.06373406360554,-7.711202975556157,-0.487940505235795,off_screen_up,True,0,0.95,True,True,21,0.25
1758350115432,376.0,216.0,305.0,219.0,84,-6,-57,2,0,14.972996266705852,-7.654332495348066,-0.5199985546633843,off_screen_up,True,0,0.95,True,True,21,0.0
1758350115489,376.0,216.0,305.0,219.0,84,-6,-57,2,0,14.972996266705852,-7.654332495348066,-0.5199985546633852,off_screen_up,True,0,0.95,True,True,21,0.0
1758350115540,376.0,216.0,305.0,219.0,84,-6,-56,2,0,15.02898415937615,-7.581684150251025,-0.5484797066318734,off_screen_up,True,0,0.95,True,True,21,0.0
1758350115591,376.0,216.0,305.0,219.0,84,-6,-56,2,0,15.069473008815645,-7.428476251353438,-0.5676147109066783,off_screen_up,True,0,0.95,True,True,21,0.0
1758350115632,376.0,216.0,305.0,219.0,84,-6,-56,2,0,14.970620277661556,-7.330067835037748,-0.6043128908628996,off_screen_up,True,0,0.95,True,True,21,0.0
1758350115677,376.0,216.0,305.0,219.0,84,-6,-56,2,0,14.936181545208733,-7.191665348054547,-0.617910953328408,off_screen_up,True,0,0.95,True,True,21,0.0
1758350115718,376.0,216.0,305.5,218.5,84,-6,-56,1,0,14.928858325580833,-7.086765114218897,-0.60865139086305,off_screen_up,True,0,0.95,True,True,21,0.3535533905932738
1758350115767,376.0,216.0,305.5,218.5,84,-6,-57,1,0,14.914352110593864,-7.150389823363392,-0.5647168970414311,off_screen_up,True,0,0.95,True,True,21,0.0
1758350115809,376.0,216.0,305.5,218.5,84,-6,-57,1,0,14.854476997157043,-7.185579292403842,-0.5368114279336069,off_screen_up,True,0,0.95,True,True,21,0.0
1758350115851,376.0,216.0,305.5,218.5,84,-6,-57,1,0,14.691804843894396,-7.16534673620399,-0.5516869303444651,off_screen_up,True,0,0.95,True,True,21,0.0
1758350115906,376.0,216.0,305.5,219.0,84,-6,-57,2,0,14.540940251367275,-7.307820514369576,-0.5593375412956192,off_screen_up,True,0,0.95,True,True,21,0.25
1758350115967,376.0,216.0,305.5,219.0,84,-6,-57,2,0,14.532200983884831,-7.369110972933713,-0.588637679311323,off_screen_up,True,0,0.95,True,True,21,0.0
1758350116016,376.0,216.0,305.5,219.0,84,-6,-57,2,0,14.557402830584259,-7.4982676123836285,-0.6306636322305255,off_screen_up,True,0,0.95,True,True,21,0.0
1758350116063,376.5,216.0,306.0,219.0,84,-6,-56,2,0,14.600747708373309,-7.589828273075498,-0.6727372565863483,off_screen_up,True,0,0.95,True,True,22,0.5
1758350116147,376.5,216.0,306.0,219.0,84,-6,-56,2,0,14.704293869640686,-7.5815956965264375,-0.683511479073728,off_screen_up,True,0,0.95,True,True,23,0.0
1758350116197,376.5,216.0,306.0,219.0,84,-6,-56,2,0,14.694309516074377,-7.480093818583397,-0.7132581385924883,off_screen_up,True,0,0.95,True,True,24,0.0
1758350116257,376.5,216.0,306.0,219.0,84,-6,-56,2,0,14.796209257176365,-7.489499349023882,-0.7372113018325104,off_screen_up,True,0,0.95,True,True,25,0.0
1758350116300,377.0,216.5,306.0,219.0,84,-6,-56,2,0,14.894754894016621,-7.4107169650451175,-0.7411941247026941,off_screen_up,True,0,0.95,True,True,26,0.3535533905932738
1758350116349,377.0,216.5,306.0,219.0,84,-6,-56,2,0,14.990405776854018,-7.345862402117795,-0.7209468027757224,off_screen_up,True,0,0.95,True,True,27,0.0
1758350116399,377.0,216.5,306.0,219.0,84,-6,-56,2,0,15.050103179805355,-7.290811160866993,-0.6867862791667854,off_screen_up,True,0,0.95,True,True,28,0.0
1758350116443,377.0,216.5,306.0,219.0,84,-6,-57,1,0,15.123401206188365,-7.313222685448264,-0.6216472714759749,off_screen_up,True,0,0.95,True,True,29,0.0
1758350116502,377.0,216.0,306.0,219.0,84,-7,-57,2,0,15.211099414685243,-7.321232651955086,-0.6267379060464671,off_screen_up,True,0,0.95,True,True,30,0.25
1758350116545,377.0,216.0,306.0,219.0,84,-7,-57,2,0,15.329053736539326,-7.341511416289291,-0.6553294887136212,off_screen_up,True,0,0.95,True,True,31,0.0
1758350116594,377.0,216.0,306.5,219.0,84,-7,-57,2,0,15.463443373357801,-7.327709934807791,-0.6746178414170907,off_screen_up,True,0,0.95,True,True,32,0.25
1758350116644,377.0,216.0,306.5,219.0,84,-6,-57,2,0,15.596814012260676,-7.304916076376475,-0.6377477837230914,off_screen_up,True,0,0.95,True,True,33,0.0
1758350116693,377.0,216.0,306.5,219.0,84,-6,-57,2,0,15.644519677311234,-7.384690811120558,-0.6057990823931996,off_screen_up,True,0,0.95,True,True,34,0.0
1758350116753,377.0,216.0,306.5,219.0,84,-6,-57,1,0,15.67632848932563,-7.457591748021139,-0.5815010156092595,off_screen_up,True,0,0.95,True,True,35,0.0
1758350116801,377.0,216.0,306.5,219.0,84,-6,-56,2,0,15.692232895332829,-7.494042216471428,-0.5693519822172894,off_screen_up,True,0,0.95,True,True,36,0.0
1758350116847,377.0,216.0,306.0,219.0,84,-6,-56,2,0,15.660256364308953,-7.606219222227338,-0.5493844672838146,off_screen_up,True,0,0.95,True,True,37,0.25
1758350116891,377.0,216.0,306.0,219.0,84,-6,-56,2,0,15.56274738804763,-7.741379037320962,-0.5028747627537973,off_screen_up,True,0,0.95,True,True,38,0.0
1758350116938,376.5,216.0,305.5,219.0,84,-6,-57,2,0,15.481070800816418,-7.8179602022853105,-0.5192607911022646,off_screen_up,True,0,0.95,True,True,38,0.5
1758350116985,376.0,216.0,305.0,219.0,84,-6,-56,2,0,15.386950813043804,-7.899669391229257,-0.5583512716994634,off_screen_up,True,0,0.95,True,True,38,0.5
1758350117030,376.0,216.0,305.0,219.0,84,-6,-56,2,0,15.286805013834872,-7.961751391073896,-0.6070158777756545,off_screen_up,True,0,0.95,True,True,38,0.0
1758350117090,376.0,216.0,305.0,219.0,84,-6,-56,2,0,15.27826932840621,-7.992010855472939,-0.6562667720424145,off_screen_up,True,0,0.95,True,True,38,0.0
1758350117148,376.0,216.0,305.0,219.0,84,-6,-56,2,0,15.27721019012208,-7.8591334661456544,-0.7398466277528097,off_screen_up,True,0,0.95,True,True,38,0.0
1758350117193,375.5,216.0,304.5,219.0,83,-6,-57,2,0,15.258130504095195,-7.834086273890238,-0.7627268158652751,off_screen_up,True,0,0.95,True,True,38,0.5
1758350117268,375.5,216.0,304.5,219.0,83,-6,-57,2,0,15.257254700185396,-7.771128679729341,-0.7859246457095672,off_screen_up,True,0,0.95,True,True,38,0.0
1758350117327,375.5,216.0,304.5,219.0,83,-6,-57,2,0,15.3027433446703,-7.669709483333803,-0.7604100145613555,off_screen_up,True,0,0.95,True,True,38,0.0
1758350117391,375.5,216.0,304.5,219.0,83,-6,-57,2,0,15.340315794640144,-7.597579612002903,-0.7034475169739025,off_screen_up,True,0,0.95,True,True,38,0.0
1758350117444,375.5,216.0,304.5,219.0,83,-6,-57,2,0,15.396176453334935,-7.5204285824009895,-0.6531665619135438,off_screen_up,True,0,0.95,True,True,38,0.0
1758350117494,375.5,216.0,304.5,219.0,83,-6,-57,2,0,15.446017267142018,-7.4367688974403965,-0.609390384427221,off_screen_up,True,0,0.95,True,True,38,0.0
1758350117550,375.5,216.0,304.5,219.0,83,-6,-57,2,0,15.465213096524764,-7.4004682689763115,-0.5775488344255408,off_screen_up,True,0,0.95,True,True,38,0.0
1758350117595,375.5,216.0,304.5,219.0,83,-6,-57,2,0,15.52149338339963,-7.3622672357425,-0.5728844015507084,off_screen_up,True,0,0.95,True,True,38,0.0
1758350117657,375.5,216.5,304.5,219.0,83,-6,-57,2,0,15.58440683605475,-7.333462340126944,-0.6003349539032978,off_screen_up,True,0,0.95,True,True,38,0.25
1758350117707,375.5,216.5,305.0,219.0,83,-6,-56,2,0,15.62892542706097,-7.340204582236932,-0.637319048298358,off_screen_up,True,0,0.95,True,True,38,0.25
1758350117751,375.5,216.5,305.0,219.0,83,-6,-56,2,0,15.6234296130195,-7.390324978907893,-0.6696176981182651,off_screen_up,True,0,0.95,True,True,38,0.0
1758350117820,375.5,216.0,305.0,219.0,83,-6,-56,2,0,15.683817285034554,-7.4444851184095056,-0.7000122364679089,off_screen_up,True,0,0.95,True,True,38,0.25
1758350117870,375.5,216.0,305.0,219.0,83,-6,-56,2,0,15.643437064588571,-7.482084052393815,-0.7485975351956458,off_screen_up,True,0,0.95,True,True,38,0.0
1758350117912,375.5,216.0,305.0,219.0,83,-6,-56,2,0,15.550166118042632,-7.467252721663369,-0.8287287615442618,off_screen_up,True,0,0.95,True,True,38,0.0
1758350117962,375.5,216.0,304.5,219.0,83,-6,-57,2,0,15.4424665121462,-7.473245756606575,-0.8868549573383042,off_screen_up,True,0,0.95,True,True,38,0.25
1758350118004,375.0,216.0,304.5,219.0,84,-6,-57,2,0,15.350908162991281,-7.5236533977181175,-0.9312276048913999,off_screen_up,True,0,0.95,True,True,38,0.25
1758350118050,375.0,216.0,304.5,219.0,84,-6,-57,2,0,15.260716608508208,-7.532091983238242,-0.9743464647803028,off_screen_up,True,0,0.95,True,True,38,0.0
1758350118098,375.0,216.0,304.41046142578125,219.4253692626953,84,-7,-57,2,0,15.248957524970056,-7.4777564386807285,-1.0705279712517064,off_screen_up,True,0,0.95,True,True,38,0.21734544273982395
1758350118144,375.0,216.0,304.0,219.5,84,-7,-57,2,0,15.265807299867824,-7.515093979979411,-1.1011284775563719,off_screen_up,True,0,0.95,True,True,38,0.20859549911552375
1758350118216,375.0,216.5,304.0,220.0,84,-7,-57,3,0,15.300099277967842,-7.5586922526214195,-1.1235856594071225,off_screen_up,True,0,0.95,True,True,38,0.5
1758350118259,375.0,216.5,304.0,220.0,84,-7,-57,2,0,15.4772569827437,-7.649420621032524,-1.1114878504890622,off_screen_up,True,0,0.95,True,True,38,0.0
1758350118301,375.0,216.5,304.3985595703125,219.44203186035156,83,-7,-57,1,0,15.653305276875432,-7.612802981021507,-1.0788645178910294,off_screen_up,True,0,0.95,True,True,38,0.34284769794707054
1758350118344,375.0,216.5,304.3985595703125,219.44203186035156,83,-7,-57,1,0,15.863603637440935,-7.540261856830988,-1.048902000806129,off_screen_up,True,0,0.95,True,True,38,0.0
1758350118400,375.0,216.5,304.5,219.5,83,-7,-57,1,0,16.058650772986493,-7.4267606162776705,-1.0215058170221991,off_screen_up,True,0,0.95,True,True,38,0.058417604344678034
1758350118445,375.5,216.5,304.4420166015625,219.60145568847656,83,-7,-57,1,0,16.13704015944849,-7.344419311827701,-0.9578658409219329,off_screen_up,True,0,0.95,True,True,38,0.22675533774374262
1758350118509,375.5,216.5,304.5,219.0,83,-7,-57,1,0,16.215179372595568,-7.16843652681049,-0.946063868565183,off_screen_up,True,0,0.95,True,True,38,0.30212208612379604
1758350118584,375.0,216.5,304.5,219.0,83,-7,-57,1,0,16.25890433075573,-6.8681913143937265,-0.9706140728303678,off_screen_up,True,0,0.95,True,True,38,0.25
1758350118638,375.0,216.5,304.5,219.0,83,-7,-57,1,0,16.269935912373146,-6.565719155810301,-0.996348116335275,off_screen_up,True,0,0.95,True,True,38,0.0
1758350118699,375.0,216.5,304.5,219.0,83,-7,-57,2,0,16.224573090104215,-6.410677019707094,-1.0225923878787349,off_screen_up,True,0,0.95,True,True,38,0.0
1758350118751,375.0,216.5,304.5,219.0,83,-6,-57,2,0,16.191150182688485,-6.3917422746325805,-1.01381530986747,off_screen_up,True,0,0.95,True,True,38,0.0
1758350118797,375.0,216.5,304.5,219.0,83,-6,-57,2,0,16.079958828419645,-6.445263152929591,-0.9672544164885295,off_screen_up,True,0,0.95,True,True,38,0.0
1758350118877,375.0,216.5,304.5,219.0,83,-6,-57,2,0,16.060652643306174,-6.5021087319619255,-0.9274110642892639,off_screen_up,True,0,0.95,True,True,38,0.0
1758350118945,375.0,216.5,304.5,219.0,83,-6,-57,2,0,16.007841892903016,-6.591032264261843,-0.8751207337023073,off_screen_up,True,0,0.95,True,True,38,0.0
1758350119002,375.5,216.0,304.5,219.0,83,-6,-57,2,0,15.931943462453098,-6.838596918073948,-0.8067495660584751,off_screen_up,True,0,0.95,True,True,38,0.3535533905932738
1758350119077,376.0,216.0,304.6014404296875,219.55796813964844,84,-6,-57,2,0,15.898279762224082,-7.050358295522357,-0.7388904083434937,off_screen_up,True,0,0.95,True,True,38,0.41020087619525597
1758350119129,376.0,216.0,304.6014404296875,219.55796813964844,84,-6,-57,2,0,15.88351768516786,-7.227726590922137,-0.6707264541240114,off_screen_up,True,0,0.95,True,True,38,0.0
1758350119186,376.0,216.0,304.4420166015625,219.60145568847656,84,-6,-57,2,0,15.876363060495386,-7.3418243529879295,-0.6191031555192619,off_screen_up,True,0,0.95,True,True,38,0.08262433642261234
1758350119234,376.0,216.0,304.4420166015625,219.60145568847656,84,-6,-57,2,0,15.948502685730848,-7.39427256290303,-0.6013064120562026,off_screen_up,True,0,0.95,True,True,38,0.0
1758350119279,376.0,216.5,304.5,220.0,84,-7,-57,3,0,16.01993986347937,-7.345196355550441,-0.6502578394239231,off_screen_up,True,0,0.95,True,True,38,0.45020660653345873
1758350119319,376.0,216.5,304.5,220.0,84,-7,-58,3,0,16.12721253665009,-7.290228371787373,-0.7119876438609518,off_screen_up,True,0,0.95,True,True,38,0.0
1758350119370,376.0,216.5,305.0,220.0,84,-7,-57,3,0,16.269055645867514,-7.164426123235488,-0.8006022798000267,off_screen_up,True,0,0.95,True,True,38,0.25
1758350119421,376.0,216.5,305.5,220.0,84,-6,-57,2,0,16.26651085994941,-7.083837819920239,-0.8437103983526848,off_screen_up,True,0,0.95,True,True,38,0.25
1758350119490,376.0,216.5,305.5,220.0,84,-6,-57,3,0,16.306241732111303,-7.122444529811919,-0.8477268540009573,off_screen_up,True,0,0.95,True,True,38,0.0
1758350119552,376.0,217.0,305.5,220.0,84,-5,-57,3,0,16.345972604273204,-7.161051239703598,-0.8517433096492297,off_screen_up,True,0,0.95,True,True,38,0.25
1758350119596,376.5,217.0,305.5,220.0,84,-5,-57,2,0,16.283234096417644,-7.194646052139151,-0.8592545192731307,off_screen_up,True,0,0.95,True,True,38,0.25
1758350119650,376.5,217.0,305.5,220.0,84,-5,-57,2,0,16.22587230618635,-7.248149897345916,-0.857101811560339,off_screen_up,True,0,0.95,True,True,38,0.0
1758350119711,376.5,217.0,305.5,220.0,84,-6,-57,2,0,16.213296105039017,-7.27749627948376,-0.8708147620926319,off_screen_up,True,0,0.95,True,True,38,0.0
1758350119770,376.5,217.0,305.5,220.0,84,-6,-57,2,0,16.231383845157506,-7.390094714749222,-0.8179728629598553,off_screen_up,True,0,0.95,True,True,38,0.0
1758350119811,376.0,217.0,305.0,220.0,84,-6,-57,2,0,16.308514506886436,-7.4930445340648575,-0.773052791450493,off_screen_up,True,0,0.95,True,True,38,0.5
1758350119874,375.5,217.0,304.4420166015625,220.60145568847656,83,-6,-58,2,0,16.369749251907713,-7.5261755118463745,-0.769345929234571,off_screen_up,True,0,0.95,True,True,38,0.6084977026600383
1758350119932,375.0,218.0,304.5,221.0,83,-6,-58,3,0,16.40338866529574,-7.379626977341786,-0.8705456008165879,off_screen_up,True,0,0.95,True,True,38,0.73336635922154
1758350119983,374.5,219.0,304.5,222.0,82,-5,-57,3,0,16.468914564654533,-7.453546258650551,-0.8894571216500538,off_screen_up,True,0,0.95,True,True,38,1.0307764064044151
1758350120042,374.5,220.0,304.5,223.0,82,-5,-57,4,0,16.75530277875197,-7.565199356689024,-0.8833924650624017,off_screen_up,True,0,0.95,True,True,38,1.0
1758350120102,374.5,220.0,304.5,223.0,82,-5,-57,4,0,16.992933767275073,-7.710242117187455,-0.8475432145953388,off_screen_up,True,0,0.95,True,True,38,0.0
1758350120183,374.5,220.0,304.4253845214844,223.5895538330078,82,-6,-57,3,0,17.28729788401714,-7.857395221029052,-0.811100670343925,off_screen_up,True,0,0.95,True,True,38,0.2971284198996788
1758350120248,374.5,220.0,304.4253845214844,223.5895538330078,82,-6,-57,3,0,17.555116769000183,-7.972155217158363,-0.7976950820948328,off_screen_up,True,0,0.95,True,True,38,0.0
1758350120306,374.5,220.0,304.5,223.5,82,-6,-57,4,0,17.79252144456638,-8.028480284803315,-0.83104152696911,off_screen_up,True,0,0.95,True,True,38,0.05828241295731257
1758350120345,374.5,220.0,305.0,223.0,82,-6,-56,4,0,18.037671334293545,-8.086519073148013,-0.8435202552250427,off_screen_up,True,0,0.95,True,True,38,0.3535533905932738
1758350120399,374.5,220.0,305.5,223.0,82,-6,-56,4,0,18.268018729256042,-8.094103496453123,-0.8662189493493275,off_screen_up,True,0,0.95,True,True,38,0.25
1758350120449,374.5,219.0,306.0,222.0,82,-6,-55,4,0,18.26893199047956,-7.950971298207875,-0.9420382908743812,off_screen_up,True,0,0.95,True,True,38,1.0307764064044151
1758350120510,375.0,218.0,305.5,221.0,83,-7,-56,3,0,18.172884116907955,-7.683575915271449,-1.0394207438293162,off_screen_up,True,0,0.95,True,True,38,1.0
1758350120552,375.0,218.0,305.5,220.0,82,-6,-56,3,0,17.889338252489686,-7.391902038220188,-1.0833148204137566,off_screen_up,True,0,0.95,True,True,38,0.5
1758350120609,375.0,217.0,305.5,220.0,83,-6,-56,3,0,17.459784691088814,-7.252377713771877,-1.1248423327100991,off_screen_up,True,0,0.95,True,True,38,0.5
1758350120665,375.0,216.5,305.0,219.0,83,-7,-56,2,0,17.060843539420663,-7.059870202145631,-1.1400326274252492,off_screen_up,True,0,0.95,True,True,38,0.7905694150420949
1758350120717,375.0,216.5,305.0,219.0,83,-6,-56,2,0,16.701322095201732,-6.995675937403426,-1.0729485281203863,off_screen_up,True,0,0.95,True,True,38,0.0
1758350120782,375.0,216.0,305.0,219.0,83,-6,-56,2,0,16.299716449700295,-6.933959791240685,-1.0187493030287342,off_screen_up,True,0,0.95,True,True,38,0.25
1758350120849,375.0,216.0,305.0,219.0,83,-6,-56,2,0,15.974469671139794,-6.858539813924903,-0.9727073416618115,off_screen_up,True,0,0.95,True,True,38,0.0
1758350120907,375.0,216.0,305.0,219.0,83,-6,-56,2,0,15.643410571477993,-6.844447971326469,-0.9197001081932963,off_screen_up,True,0,0.95,True,True,38,0.0
1758350120957,375.0,216.0,305.0,219.0,83,-6,-56,2,0,15.372020735110656,-6.979673978446898,-0.8902600431522569,off_screen_up,True,0,0.95,True,True,38,0.0
1758350121019,375.0,216.0,305.0,219.0,83,-6,-56,2,0,15.247180267076612,-7.0395938320267195,-0.9023426839042479,off_screen_up,True,1,0.95,True,True,38,0.0
1758350121075,375.0,216.0,305.0,219.0,83,-6,-56,2,0,15.131649242054348,-6.987812614499667,-0.900702376043494,off_screen_up,True,1,0.95,True,True,38,0.0
1758350121124,375.0,216.0,305.0,219.0,83,-6,-56,2,0,15.055921101763243,-6.989512410722493,-0.9689822395180148,off_screen_up,True,1,0.95,True,True,38,0.0
1758350121171,375.0,216.0,304.5,219.0,84,-6,-57,2,0,15.114922153568795,-7.170263448367216,-0.951963631694567,off_screen_up,True,1,0.95,True,True,38,0.25
1758350121207,374.0,217.0,304.0,220.0,83,-6,-56,2,0,15.31562717081843,-7.39029825627925,-0.9114377907241926,off_screen_up,True,1,0.95,True,True,38,1.25
1758350121267,374.0,218.0,303.5,221.5,83,-6,-57,3,0,15.612152903767694,-7.497866826712773,-0.9447702449292534,off_screen_up,True,1,0.95,True,True,38,1.2747548783981961
1758350121306,373.5,219.0,303.5,222.0,82,-6,-57,3,0,16.058614050439,-7.57564762064585,-0.9751362496117251,off_screen_up,True,1,0.95,True,True,38,0.7905694150420949
1758350121355,373.5,219.0,303.4253845214844,222.5895538330078,82,-7,-56,3,0,16.602118540557914,-7.624875538647988,-0.9966710376373435,off_screen_up,True,1,0.95,True,True,38,0.2971284198996788
1758350121395,373.0,220.0,303.4253845214844,223.5895538330078,82,-6,-56,4,0,17.036129185056332,-7.627580343924822,-1.019779209282273,off_screen_up,True,1,0.95,True,True,38,1.0307764064044151
1758350121436,373.5,220.0,304.0,224.0,83,-6,-55,5,0,17.607007050575035,-7.7313730593152705,-1.0212062329710405,off_screen_up,True,1,0.95,True,True,38,0.5751661678732383
1758350121480,373.5,220.0,304.0,224.0,83,-6,-56,5,0,18.026714073923774,-7.717166476129506,-1.0341951714176356,off_screen_up,True,1,0.95,True,True,38,0.0
1758350121524,373.5,220.0,304.0,224.0,83,-6,-56,5,0,18.33757111241713,-7.527771121853742,-1.0918177826314128,off_screen_up,True,1,0.95,True,True,38,0.0
1758350121575,373.5,220.0,304.0,224.0,83,-6,-56,4,0,18.559585277816335,-7.43119055928007,-1.0783574633016042,off_screen_up,True,1,0.95,True,True,38,0.0
1758350121639,373.5,220.0,304.0,224.0,83,-7,-56,4,0,18.71618688814172,-7.410951206677602,-1.0878922305180359,off_screen_up,True,1,0.95,True,True,38,0.0
1758350121685,373.5,220.0,304.0,224.0,82,-7,-56,4,0,18.82152327483714,-7.347630076894357,-1.0700641768882448,off_screen_up,True,1,0.95,True,True,38,0.0
1758350121744,373.5,220.0,304.5,224.0,82,-7,-55,4,0,18.78194923198341,-7.240140048494958,-1.0395682027489839,off_screen_up,True,1,0.95,True,True,38,0.25
1758350121792,373.5,221.0,304.0,224.5,82,-6,-55,3,0,18.622033586307108,-7.124360524610273,-1.0134071344771272,off_screen_up,True,1,0.95,True,True,38,0.7905694150420949
1758350121839,373.0,221.0,304.0,225.0,83,-6,-55,4,0,18.43563068555128,-7.040053017697945,-1.0281416373476406,off_screen_up,True,1,0.95,True,True,38,0.3535533905932738
1758350121887,373.0,222.0,303.5,225.0,83,-6,-56,4,0,18.279649297909923,-6.94203489997707,-1.0816668866181622,off_screen_up,True,1,0.95,True,True,38,0.5590169943749475
1758350121923,372.5,222.0,303.0,226.0,83,-6,-55,4,0,18.055254821746626,-6.93310266718478,-1.0687605293594347,off_screen_up,True,1,0.95,True,True,38,0.7071067811865476
1758350121963,372.0,224.0,302.0,228.0,84,-6,-55,4,0,17.724948194677523,-6.835836884863231,-1.0618945918314004,off_screen_up,True,1,0.95,True,True,38,2.1360009363293826
1758350122001,371.5,226.0,301.0,229.5,84,-5,-56,3,0,17.094061046115833,-6.5703064184165605,-1.036777975929728,off_screen_up,True,1,0.95,True,True,38,1.9039432764659772
1758350122040,371.0,227.0,300.0,231.0,84,-6,-56,4,0,16.21375825034685,-6.239843582330936,-1.0424262628938115,off_screen_up,True,1,0.95,True,True,38,1.4577379737113252
1758350122091,371.0,229.0,299.5,232.5,85,-5,-56,3,0,15.25578058568976,-5.763503381689618,-1.0731767064475486,off_screen_up,True,1,0.95,True,True,38,1.7677669529663689
1758350122168,370.0,230.0,299.5,233.5,85,-5,-56,3,0,14.098129571002804,-5.124474738131799,-1.0901573436955214,off_screen_up,True,1,0.95,True,True,38,1.118033988749895
1758350122226,370.0,231.0,298.5,234.5,85,-5,-56,2,0,12.85713508848712,-4.376865088213165,-1.0583908196213585,off_screen_up,True,1,0.95,True,True,38,1.118033988749895
1758350122268,370.0,232.0,298.5,235.5,85,-5,-56,2,0,11.465694765900931,-3.4357612627855714,-1.0963267683198747,off_screen_up,True,1,0.95,True,True,38,1.0
1758350122306,370.0,234.0,298.5,237.0,85,-4,-56,2,0,9.985989617055687,-2.4268405617589988,-1.0891433811562115,off_screen_up,True,1,0.7604166666666667,True,False,38,1.75
1758350122367,371.0,236.0,298.0,238.5,87,-4,-56,1,0,8.582275828820713,-1.4886591445087491,-1.1001040172259753,off_screen_up,True,1,0.6875,True,False,38,1.7677669529663689
1758350122407,371.0,237.0,298.0,239.5,87,-4,-56,1,0,7.271477746526198,-0.8044588155154386,-1.042132922079971,off_screen_up,True,1,0.6458333333333334,True,False,38,1.0
1758350122456,371.5,238.0,298.5,240.5,87,-4,-57,0,0,6.055428101828994,-0.11569673708538986,-0.9720739965012033,off_screen_up,True,1,0.6041666666666666,True,False,38,1.118033988749895
1758350122507,371.5,239.0,298.5,241.5,87,-3,-57,1,0,5.03072938255033,0.4011460630756698,-0.8282712676509951,off_screen_up,True,1,0.5625,True,False,38,1.0
1758350122559,371.5,239.5,298.0,241.5,87,-3,-57,0,0,4.052668553537735,0.7779031323408727,-0.6936897808979161,off_screen_up,True,1,0.5520833333333334,True,False,38,0.3535533905932738
1758350122613,372.5,240.0,298.0,241.5,88,-3,-58,0,0,3.265823126803596,0.9922549078167293,-0.5577454336992895,off_screen_up,True,1,0.5416666666666666,True,False,38,0.5590169943749475
1758350122656,372.5,240.0,298.0,241.5,89,-3,-58,-1,0,2.6390868984238676,0.8616490558916663,-0.4215475872270993,off_screen_up,True,1,0.5416666666666666,True,False,38,0.0
1758350122699,372.0,240.0,297.0,242.5,89,-3,-59,0,0,2.1881823988384816,0.5043958062028064,-0.28233419718371655,off_screen_up,True,1,0.5208333333333334,True,False,38,0.9013878188659973
1758350122763,372.5,241.0,297.0,242.5,89,-2,-59,0,0,1.8400016028505295,0.08926942366530177,-0.11284882667188079,within_screen,False,1,0.0,True,False,38,0.5590169943749475
1758350122801,372.5,241.0,297.0,242.5,89,-2,-59,0,0,1.6941158050735048,-0.5253614022310433,0.05341641131236141,within_screen,False,1,0.0,True,False,38,0.0
1758350122858,372.5,241.0,297.0,243.5,89,-2,-59,0,0,1.519230462358772,-1.2108669925873912,0.20819353312183497,within_screen,False,1,0.0,True,False,38,0.5
1758350122906,373.5,241.5,298.0,243.5,88,-3,-60,0,0,1.5137947694984728,-1.8750949434437514,0.3767450156726684,within_screen,False,1,0.0,True,False,38,1.0307764064044151
1758350122958,375.0,242.0,299.5,243.5,89,-2,-60,-1,0,1.5057431933251575,-2.490820142756519,0.5516536502250522,within_screen,False,1,0.0,True,False,38,1.5206906325745548
1758350123006,376.5,243.0,301.0,243.5,89,-1,-59,-1,0,1.4611426365544045,-3.122211206802005,0.8004675501371097,within_screen,False,1,0.0,True,False,38,1.5811388300841898
1758350123066,378.0,243.0,302.0,243.5,90,-1,-60,-1,0,1.4852807817051783,-3.5311129616908854,1.0681567346679368,within_screen,False,1,0.0,True,False,38,1.25
1758350123132,379.5,243.0,304.0,243.0,89,0,-60,-2,0,1.297223698559117,-4.250603299702914,1.4182517485639559,suspicious_sustained_off_center,True,1,0.8,True,True,39,1.7677669529663689
1758350123189,383.0,244.0,307.5,242.5,90,2,-60,-3,0,1.0386254378875286,-5.5515201802094385,1.9185797089549999,suspicious_sustained_off_center,True,1,0.8,True,True,40,3.5089172119045497
1758350123272,386.5,244.0,311.0,242.0,90,2,-60,-3,0,0.8513257655817856,-7.369657563854889,2.519951580593504,suspicious_sustained_off_center,True,1,0.8,True,True,41,3.5089172119045497
1758350123340,390.0,244.5,315.0,242.0,90,3,-60,-4,0,0.6947371481007654,-9.793015459470531,3.269543614734899,suspicious_sustained_off_center,True,1,0.8,True,True,42,3.758324094593227
1758350123393,395.0,245.5,320.5,241.5,89,4,-61,-6,0,0.5875906856411124,-12.588451669368139,4.123645055907684,suspicious_sustained_off_center,True,1,0.8,True,True,43,5.25594901040716
1758350123458,399.0,246.5,325.0,241.5,89,5,-61,-6,0,0.5559845919426145,-15.570519153896418,5.028973072934365,suspicious_sustained_off_center,True,1,0.8,True,True,44,4.2793106921559225
1758350123510,402.0,247.5,329.0,241.5,88,6,-61,-7,0,0.5091957423026265,-18.665873113867832,5.957704928686656,suspicious_sustained_off_center,True,1,0.8,True,True,45,3.5355339059327378
1758350123555,405.0,247.5,332.5,241.5,87,7,-61,-7,0,-0.45252172557246517,-24.016005904123215,-17.484477021062308,suspicious_sustained_off_center,True,1,0.8,True,True,46,3.25
1758350123615,409.5,248.5,338.0,240.5,86,8,-59,-8,0,-1.2420121520252412,-28.9275617170162,-41.02035963410582,off_screen_right,True,1,0.5229591836734697,True,False,47,5.0
1758350123673,412.5,249.0,341.0,240.5,86,9,-59,-8,0,-2.1094235335568303,-33.22646031767483,-64.69611466835954,off_screen_right,True,1,0.5739795918367351,True,False,48,3.010398644698074
1758350123735,415.0,249.0,344.0,240.5,86,9,-58,-8,0,-3.1084321563228823,-37.055450417048874,-88.52357500092639,off_screen_right,True,1,0.6207482993197283,True,False,49,2.75
1758350123794,417.0,249.5,346.5,240.0,86,10,-58,-9,0,-4.079077119494508,-40.414935538783865,-112.40064950640225,off_screen_right,True,1,0.6590136054421772,True,False,50,2.25
1758350123838,418.5746154785156,249.5895538330078,348.0,240.0,86,10,-57,-9,0,-5.140842282212498,-43.595996691635584,-136.38336325949413,off_screen_right,True,1,0.6851582948853373,True,False,51,1.5379597060500525
1758350123888,419.0,249.0,348.5,240.0,86,10,-58,-9,0,-6.242335988480276,-46.63511995281968,-160.4191131543027,off_screen_right,True,1,0.6930272108843542,True,False,52,0.5486142165987565
1758350123930,419.6014404296875,249.44203186035156,349.0,240.0,86,10,-57,-9,0,-6.903456707533962,-48.3287918164682,-172.3857122798429,off_screen_right,True,1,0.7023932009327172,True,False,53,0.5934145232710537
1758350124004,421.5746154785156,249.5895538330078,350.0,240.0,87,11,-57,-9,0,-7.113091628776857,-48.72779781532803,-172.17971722408126,off_screen_right,True,1,0.7276753016880584,True,False,54,1.488416323092309
1758350124067,422.5746154785156,249.5895538330078,351.5,240.0,88,11,-56,-9,0,-7.323165624999492,-49.015657870605004,-171.99196676796336,off_screen_right,True,1,0.748933805089419,True,False,55,1.25
1758350124121,424.0,249.5,352.5,240.0,90,11,-56,-8,0,-7.508874180650674,-49.233907669000565,-171.81959768338407,off_screen_right,True,1,0.7695578231292521,True,False,56,1.2135186407779632
1758350124172,424.5,249.5,353.0,240.0,90,11,-55,-8,0,-7.668609117957944,-49.32257332546066,-171.71285973149878,off_screen_right,True,1,0.7780612244897963,True,False,57,0.5
1758350124216,425.0,249.5,353.5,240.0,90,11,-55,-8,0,-7.155766019448142,-46.970734949358956,-147.25386015375497,off_screen_right,True,1,0.7865646258503405,True,False,58,0.5
1758350124258,425.0,249.5,353.0,239.5,91,11,-55,-9,0,-6.46656053133727,-44.31312515185144,-122.83038701292492,off_screen_right,True,1,0.7823129251700685,True,False,59,0.3535533905932738
1758350124323,424.0,249.0,353.0,239.5,90,11,-55,-9,0,-5.7399756995643845,-41.74877336305057,-98.40120339141713,off_screen_right,True,1,0.7738095238095242,True,False,60,0.5590169943749475
1758350124374,420.0,248.5,349.0,239.5,89,10,-56,-9,0,-5.734628927053605,-41.44969288790472,-98.38824240729862,off_screen_right,True,1,0.7057823129251705,True,False,61,4.00780488547035
1758350124420,416.0,248.5,344.0,239.5,88,10,-58,-8,0,-5.676079494449537,-41.20498468706805,-98.45967067146029,off_screen_right,True,1,0.6292517006802725,True,False,62,4.5
1758350124472,412.0,247.5,339.5,238.5,88,9,-59,-9,0,-5.466125610821029,-40.69842705604027,-98.58522752464367,off_screen_right,True,1,0.5569727891156466,True,False,63,4.366062299143245
1758350124535,407.5,246.5,335.0,238.5,87,8,-59,-8,0,-4.2663849933598,-37.80339408578155,-74.42742619220697,suspicious_sustained_off_center,True,1,0.8,True,True,64,4.527692569068709
1758350124594,400.5,244.5,326.5,238.5,87,6,-61,-7,0,-3.437481888528394,-35.96441122303521,-62.598333895892694,off_screen_up,True,1,0.5104166666666666,True,False,65,7.814249804043892
1758350124642,394.0,243.5,320.0,239.0,88,4,-60,-4,0,-3.0778945834342064,-34.78274575941194,-63.189065167817816,off_screen_up,True,1,0.5208333333333334,True,False,66,6.504805915628844
1758350124691,388.0,242.0,313.0,239.0,89,3,-60,-3,0,-2.664288738581023,-32.94610180649732,-63.94278888672196,off_screen_up,True,1,0.5520833333333334,True,False,67,6.5431261641512
1758350124752,382.0,241.0,307.0,239.5,89,1,-60,-2,0,-1.8444139665070285,-29.21529940946376,-52.72775912145683,off_screen_up,True,1,0.5625,True,False,68,6.005206074732157
1758350124794,376.0,240.0,301.5,240.0,89,0,-59,-1,0,-0.7416150754963162,-23.81380889301071,-29.43282536120622,off_screen_up,True,1,0.5729166666666666,True,False,68,5.755432216610669
1758350124848,372.5,240.0,298.0,240.5,88,-1,-58,-1,0,0.45989453813025527,-17.751418519546228,-6.303475077567146,off_screen_up,True,1,0.5625,True,False,68,3.5089172119045497
1758350124890,368.5,240.0,294.5,241.0,87,-2,-59,0,0,1.1722460850558711,-12.883344796112032,4.621910857981467,off_screen_up,True,1,0.5520833333333334,True,False,68,3.758324094593227
1758350124953,365.0,239.0,291.0,241.5,88,-4,-58,0,0,1.4560792368473479,-9.067438099806157,3.354987719968622,off_screen_up,True,1,0.5625,True,False,68,3.5089172119045497
1758350125013,362.0,239.0,288.0,242.5,87,-5,-58,1,0,1.707577919542688,-5.314807959300105,2.1469254030106937,off_screen_up,True,1,0.5416666666666666,True,False,68,3.0413812651491097
1758350125060,359.5,239.0,286.0,243.5,86,-6,-57,2,0,1.9671190283415516,-2.1071255556903337,1.0389017389264665,off_screen_up,True,1,0.5208333333333334,True,False,68,2.3048861143232218
1758350125109,358.5,239.5,285.0,244.5,86,-7,-57,3,0,2.1496331708405645,0.5758173155998865,0.0412156379552866,within_screen,False,1,0.0,True,False,68,1.25
1758350125147,358.5,240.5,284.5,245.5,86,-7,-58,3,0,2.294084909753048,2.4297603645045633,-0.6843947747429078,within_screen,False,1,0.0,True,False,68,1.0307764064044151
1758350125205,359.5,241.5,285.5,246.5,87,-7,-58,3,0,2.3854214580044957,3.676005565073817,-1.2104486256238682,within_screen,False,1,0.0,True,False,68,1.4142135623730951
1758350125261,360.5,242.0,286.5,246.5,87,-6,-57,2,0,2.3153315584782206,4.358894795664783,-1.5412042386820426,within_screen,False,1,0.0,True,False,68,1.0307764064044151
1758350125333,361.0,243.0,287.5,247.5,87,-5,-57,2,0,2.3134213324606296,4.995233587221303,-1.7215152932329718,within_screen,False,1,0.0,True,False,68,1.25
1758350125393,362.0,244.0,287.5,247.5,88,-5,-58,2,0,2.3277644324562434,5.3318268611714945,-1.7912399721330723,within_screen,False,1,0.0,True,False,68,0.7071067811865476
1758350125442,362.0,244.0,287.5,247.5,88,-5,-58,2,0,2.250011001634414,5.425673727585325,-1.704160813129172,within_screen,False,1,0.0,True,False,68,0.0
1758350125486,362.5,244.5,287.5,247.5,88,-5,-58,1,0,2.131270843605243,5.357104658278438,-1.5053417652479086,within_screen,False,1,0.0,True,False,68,0.3535533905932738
1758350125530,363.0,245.0,288.0,248.0,89,-4,-57,2,0,2.100705249569229,5.310246014544452,-1.3401141375140555,within_screen,False,1,0.0,True,False,68,0.7071067811865476
1758350125575,363.0,245.0,288.0,248.5,89,-4,-58,2,0,2.076281490820424,5.1641691153893845,-1.2022314207565499,within_screen,False,1,0.0,True,False,68,0.25
1758350125628,364.0,245.0,288.5,248.5,89,-5,-58,2,0,2.112303742790578,5.204508281372577,-1.0976809523548687,within_screen,False,1,0.0,True,False,68,0.75
1758350125668,365.0,245.0,289.0,248.5,90,-5,-58,2,0,2.0854297322015363,5.233285383950783,-1.0785080933000097,within_screen,False,1,0.0,True,False,68,0.75
1758350125719,364.5,244.5,289.0,248.0,89,-5,-58,2,0,1.9613662052253904,5.053486986388583,-0.987843753559253,within_screen,False,1,0.0,True,False,68,0.5590169943749475
1758350125762,365.5,244.0,290.0,247.5,89,-4,-58,2,0,1.8910694487392785,4.953192223500526,-0.9444385632913685,within_screen,False,1,0.0,True,False,68,1.118033988749895
1758350125814,365.5,243.0,291.0,246.5,88,-5,-58,1,0,1.870923267802004,4.886876218725579,-0.8936782292952041,within_screen,False,1,0.0,True,False,68,1.118033988749895
1758350125864,366.5,243.0,291.0,245.5,88,-4,-58,1,0,1.8460560734578468,4.613385081854782,-0.7946070431242624,within_screen,False,1,0.0,True,False,68,0.7071067811865476
1758350125907,366.5,243.0,292.0,244.5,87,-3,-58,0,0,1.7278672510028592,4.415055747299094,-0.668017641504516,within_screen,False,1,0.0,True,False,68,0.7071067811865476
1758350125947,367.5,243.0,293.0,244.5,88,-2,-58,0,0,1.5010712769924606,4.046914537716068,-0.482101104439014,within_screen,False,1,0.0,True,False,68,1.0
1758350126001,367.5,243.0,293.0,244.5,87,-2,-59,0,0,1.3553966323412006,3.622891065411121,-0.2543971894334689,within_screen,False,1,0.0,True,False,68,0.0
1758350126049,368.5,243.0,294.0,244.5,88,-2,-58,0,0,1.2149721876500656,3.0047499556564574,-0.056991934093596264,within_screen,False,1,0.0,True,False,68,1.0
1758350126090,369.5,243.0,295.0,244.5,89,-2,-58,-1,0,1.1040583427398811,2.559538941447972,0.09820425781880227,within_screen,False,1,0.0,True,False,68,1.0
1758350126148,370.5,243.0,295.5,244.5,89,-2,-59,-1,0,0.9990960929992347,1.891449411265306,0.2929000557693502,within_screen,False,1,0.0,True,False,68,0.75
1758350126189,371.5,243.0,296.5,244.5,89,-2,-58,-1,0,0.8261910067917135,1.3177893713607531,0.47271943856688936,within_screen,False,1,0.0,True,False,68,1.0
1758350126238,371.5,243.0,296.5,244.5,89,-2,-59,-1,0,0.6812839683537053,0.7493144559607874,0.6318875131883541,within_screen,False,1,0.0,True,False,68,0.0
1758350126289,372.5,243.0,297.0,244.5,90,-2,-58,-1,0,0.6705457277663083,0.3163095337365309,0.7564396946724676,within_screen,False,1,0.0,True,False,68,0.75
1758350126332,372.5,243.0,297.0,244.5,90,-2,-59,-1,0,0.6925430046282859,-0.2321519030797603,0.8829744417000349,within_screen,False,1,0.0,True,False,68,0.0
1758350126371,372.5,243.0,297.0,244.5,90,-2,-59,-1,0,0.664398984063082,-0.4406824489227841,0.951342899414976,within_screen,False,1,0.0,True,False,68,0.0
1758350126407,372.5,243.0,297.5,244.5,90,-2,-59,-1,0,0.6480198629991722,-0.6836223473927845,1.0379762333194813,within_screen,False,1,0.0,True,False,68,0.25
1758350126481,373.5,243.5,297.5,244.5,90,-2,-59,-1,0,0.5999831074032684,-0.857846497726106,1.093114554877974,within_screen,False,1,0.0,True,False,68,0.5590169943749475
1758350126540,373.5,244.0,298.0,245.0,90,-1,-58,0,0,0.6043918623655653,-1.0847416586352772,1.1683649438290966,within_screen,False,1,0.0,True,False,68,0.5590169943749475
1758350126584,373.5,244.0,298.0,245.5,89,-1,-59,0,0,0.6242652895248817,-1.1966096866525326,1.2088981699600314,within_screen,False,1,0.0,True,False,68,0.25
1758350126630,374.0,245.0,298.5,246.0,90,-1,-59,0,0,0.5847048934487287,-1.4149256296429318,1.2565872208253461,within_screen,False,1,0.0,True,False,68,0.9013878188659973
1758350126683,374.0,246.0,298.5,247.0,90,-1,-59,0,0,0.5317887521405122,-1.5545560641425675,1.273841374987411,within_screen,False,1,0.0,True,False,68,1.0
1758350126725,376.0,250.0,299.5,250.5,91,0,-60,-1,0,0.29488079981369353,-1.6492457478576217,1.3346799536710423,within_screen,False,1,0.0,True,False,68,4.038873605350878
1758350126768,377.5,254.0,300.0,253.5,91,1,-61,-2,0,-0.32650961260917555,-1.9110420916981745,1.4994645929702868,within_screen,False,1,0.0,True,False,68,3.640054944640259
1758350126819,379.5,257.5,301.0,257.0,92,1,-62,-2,0,-1.1275146536305396,-2.181077051307412,1.736712169188382,within_screen,False,1,0.0,True,False,68,3.8078865529319543
1758350126881,381.0,261.0,302.0,259.5,93,2,-63,-3,0,-2.2179065646022806,-2.7107317845529915,2.0559211827783,suspicious_sustained_off_center,True,1,0.8,True,True,69,3.25
1758350126928,382.5,264.0,303.0,262.0,93,3,-63,-3,0,-3.614989430343323,-3.0891212152634786,2.3975605541362923,suspicious_sustained_off_center,True,1,0.8,True,True,70,3.020761493398643
1758350127006,383.0,266.0,303.0,263.5,94,3,-64,-4,0,-5.20413847447482,-3.6581397621995873,2.8132843654568225,suspicious_sustained_off_center,True,1,0.8,True,True,71,1.7677669529663689
1758350127057,385.0,270.0,304.0,267.0,95,5,-65,-4,0,-6.978500538455855,-4.1524984877842614,3.258826681274252,within_screen,False,1,0.0,True,False,72,4.038873605350878
1758350127107,386.0,273.5,305.0,269.5,96,5,-65,-6,0,-8.928345147143487,-4.534552863154709,3.7176563085760956,within_screen,False,1,0.0,True,False,73,3.1622776601683795
1758350127159,387.5,276.5,306.0,272.5,96,6,-65,-6,0,-10.786224159887166,-5.003385982820044,4.195137426591444,within_screen,False,1,0.0,True,False,74,3.25
1758350127213,389.0,279.0,306.5,274.5,97,7,-67,-7,0,-12.484152135361013,-5.276595529917055,4.64573936514995,within_screen,False,1,0.0,True,False,75,2.462214450449026
1758350127267,390.0,281.5,307.5,276.5,97,7,-67,-7,0,-14.099879607169527,-5.535909640987101,5.0287527969322365,within_screen,False,1,0.0,True,False,76,2.462214450449026
1758350127320,391.0,282.5,308.5,277.0,98,8,-67,-7,0,-15.509698548849414,-5.99023001467751,5.395396289008358,within_screen,False,1,0.0,True,False,77,1.25
1758350127375,391.5,282.5,309.0,276.5,97,8,-66,-9,0,-16.706368499880323,-6.160729085916072,5.734205314197412,within_screen,False,1,0.0,True,False,78,0.5590169943749475
1758350127423,391.5,282.0,309.0,276.0,97,8,-66,-9,0,-17.695036723323753,-6.220451275409322,6.017415465532329,within_screen,False,1,0.0,True,False,79,0.5
1758350127468,392.0,281.5,309.5,275.5,97,8,-66,-9,0,-18.425089967543975,-6.451221902050908,6.296561346117356,within_screen,False,1,0.0,True,False,80,0.7071067811865476
1758350127511,391.5,281.0,309.5,275.0,96,8,-66,-9,0,-18.933305916468544,-6.3102604380538985,6.520052752739048,within_screen,False,1,0.0,True,False,81,0.5590169943749475
1758350127605,391.5,280.0,309.0,274.0,97,8,-65,-9,0,-19.290137381253484,-6.2578908821661035,6.666000316725624,within_screen,False,1,0.0,True,False,82,1.0307764064044151
1758350127658,391.5,279.0,309.0,273.0,97,8,-65,-10,0,-19.45211191502646,-6.367680087617332,6.777540673517787,within_screen,False,1,0.0,True,False,83,1.0
1758350127711,391.5,278.5,309.0,273.0,97,7,-65,-9,0,-19.570398688235624,-6.236532025253402,6.846819326692227,within_screen,False,1,0.0,True,False,84,0.25
1758350127755,391.5,278.5,309.0,272.5,97,8,-65,-10,0,-19.521767113352702,-6.094582187842567,6.854190998062547,within_screen,False,1,0.0,True,False,85,0.25
1758350127797,391.5,278.5,309.0,272.0,96,8,-66,-10,0,-19.453981628091046,-6.09570949247864,6.856651801291182,within_screen,False,1,0.0,True,False,86,0.25
1758350127841,391.5,278.5,309.0,272.0,96,8,-66,-10,0,-19.392722656484164,-5.921236207276285,6.867485392149289,within_screen,False,1,0.0,True,False,87,0.0
1758350127895,391.5,278.5,309.0,272.0,95,8,-67,-10,0,-19.29601644898407,-5.817099708779347,6.900134496097209,within_screen,False,1,0.0,True,False,88,0.0
1758350127946,392.0,279.5,309.0,271.5,96,9,-67,-11,0,-19.218915474755217,-5.930401364759917,6.945981222418284,within_screen,False,1,0.0,True,False,89,0.3535533905932738
1758350128007,392.5,279.5,310.0,271.0,96,10,-66,-11,0,-19.053184793353097,-5.855067466761835,7.012670070410449,within_screen,False,1,0.0,True,False,90,0.7905694150420949
1758350128076,392.5,279.5,310.0,271.0,96,10,-67,-11,0,-18.920337827058436,-5.887448763502227,7.079060405115872,within_screen,False,1,0.0,True,False,91,0.0
1758350128133,393.0,279.5,311.0,271.5,96,9,-66,-11,0,-18.82911034710156,-6.1274724321002,7.186493467416781,within_screen,False,1,0.0,True,False,92,0.7905694150420949
1758350128185,394.0,280.5,312.0,273.0,96,10,-66,-10,0,-18.754167603470158,-6.30153729566886,7.318553036214016,within_screen,False,1,0.0,True,False,93,1.6007810593582121
1758350128235,394.5,281.5,312.5,274.0,96,10,-67,-9,0,-18.690205790918412,-6.429153172424996,7.471740411211085,within_screen,False,1,0.0,True,False,94,1.118033988749895
1758350128278,395.0333251953125,281.9666748046875,313.0,275.0,97,9,-66,-8,0,-18.712514648266044,-6.816623735916728,7.595340576227308,within_screen,False,1,0.0,True,False,95,0.8970640921880572
1758350128331,395.5,282.5,314.0,275.0,96,10,-66,-8,0,-18.691545764333863,-7.15050697298741,7.737913498585694,within_screen,False,1,0.0,True,False,96,0.7803157608718782
1758350128381,396.5,282.5,314.0,275.0,96,10,-67,-8,0,-18.58456466995916,-7.3386122986817455,7.880913163153865,within_screen,False,1,0.0,True,False,97,0.5
1758350128429,396.5,282.0,315.0,275.0,96,10,-66,-8,0,-18.507218767399344,-7.462670165825559,8.01893540724719,within_screen,False,1,0.0,True,False,98,0.5590169943749475
1758350128473,397.5,282.0,315.0,275.0,96,10,-66,-8,0,-18.200180173634976,-6.985216889505027,8.122507167756718,within_screen,False,1,0.0,True,False,99,0.5
1758350128532,397.5,282.0,315.0,274.0,96,10,-67,-9,0,-17.984915179876324,-6.489324774952553,8.184694246929501,within_screen,False,1,0.0,True,False,100,0.5
1758350128589,397.5,282.0,316.0,274.0,95,11,-66,-9,0,-17.79372123775759,-5.9536182068198595,8.2681999346322,within_screen,False,1,0.0,True,False,101,0.5
1758350128636,397.5,281.5,316.0,273.5,95,10,-66,-9,0,-17.644255542515456,-5.3807630248517135,8.351007799965547,within_screen,False,1,0.0,True,False,102,0.5
1758350128684,397.5,280.5,316.0,272.5,95,10,-66,-10,0,-17.43022861983021,-5.0147647944990315,8.439236858312444,within_screen,False,1,0.0,True,False,103,1.0
1758350128732,397.5,280.5,316.5851135253906,271.4468078613281,95,11,-66,-10,0,-17.401620560825847,-4.8550913016964135,8.493371852741133,within_screen,False,1,0.0,True,False,104,0.6024059093657871
1758350128800,398.0,279.5,317.0,271.0,95,11,-64,-10,0,-17.328545934855022,-4.602089234087471,8.563153184235876,within_screen,False,1,0.0,True,False,105,0.8559016078124917
1758350128855,398.0,277.5,317.0,269.5,96,10,-64,-11,0,-17.487794556424703,-4.738172546459652,8.619492202082789,suspicious_sustained_off_center,True,1,0.8,True,True,106,1.75
1758350128912,397.0,276.5,316.0,268.0,96,10,-64,-11,0,-17.61781105731557,-4.9258903527096205,8.682087221240645,suspicious_sustained_off_center,True,1,0.8,True,True,107,1.6007810593582121
1758350128965,396.5,274.5,315.0,267.0,96,10,-64,-10,0,-17.69936036396961,-5.27275046391551,8.69009571225481,suspicious_sustained_off_center,True,1,0.8,True,True,108,1.6770509831248424
1758350129033,396.0,273.5,314.0,266.0,97,9,-64,-10,0,-17.729599091888286,-5.667391353060975,8.645967371459758,suspicious_sustained_off_center,True,1,0.8,True,True,109,1.25
1758350129087,395.0,272.5,313.0,265.0,97,9,-64,-10,0,-17.75808813436292,-5.944415830323424,8.579463137493372,suspicious_sustained_off_center,True,1,0.8,True,True,110,1.4142135623730951
1758350129150,393.0,271.0,311.0,264.0,97,9,-64,-10,0,-17.52777076443828,-5.6445955955331755,8.412630416084975,suspicious_sustained_off_center,True,1,0.8,True,True,111,2.358495283014151
1758350129210,391.0,270.0,309.0,263.5,96,9,-64,-10,0,-17.195687815155583,-5.57893946309771,8.231809003340755,suspicious_sustained_off_center,True,1,0.8,True,True,112,2.1360009363293826
1758350129276,389.0,269.0,308.0,262.5,95,8,-64,-10,0,-16.706608621035294,-4.886121568164969,7.943792696033258,suspicious_sustained_off_center,True,1,0.8,True,True,113,1.8027756377319946
1758350129340,387.0,266.5,307.0333251953125,261.0333251953125,94,7,-63,-8,0,-16.066098121278586,-4.089679748837722,7.605587628267548,suspicious_sustained_off_center,True,1,0.8,True,True,114,2.4766746053382866
1758350129407,386.0,265.0,306.0,260.0,94,7,-63,-7,0,-15.438044611915618,-3.313303370733524,7.203943395520708,suspicious_sustained_off_center,True,1,0.8,True,True,115,1.6242034890291404
1758350129473,385.5,263.0,305.0,258.9285583496094,94,5,-63,-8,0,-14.715094398215783,-2.466091119937577,6.793471303594105,suspicious_sustained_off_center,True,1,0.8,True,True,116,1.7090753210255456
1758350129536,385.0,262.0,305.0,258.0,95,5,-63,-6,0,-13.922821531233037,-1.7540443712059313,6.328458656945498,suspicious_sustained_off_center,True,1,0.8,True,True,117,0.996159789874099
1758350129606,385.0,261.0,305.5,257.5,94,5,-63,-6,0,-13.06176037378395,-1.2385507545005154,5.917698577421926,suspicious_sustained_off_center,True,1,0.8,True,True,118,0.7905694150420949
1758350129662,385.5,261.0,306.0,257.5,94,5,-62,-6,0,-12.320686946051405,-0.9791670526912473,5.56235048466017,suspicious_sustained_off_center,True,1,0.8,True,True,119,0.5
1758350129726,386.0,261.0,307.0,257.5,94,5,-62,-6,0,-11.637608125416438,-1.0128111224843472,5.257549617153627,suspicious_sustained_off_center,True,1,0.8,True,True,120,0.75
1758350129786,387.5,260.5,308.5,257.0,94,4,-62,-5,0,-10.94229257868915,-1.4550970609571934,5.000812280245148,suspicious_sustained_off_center,True,1,0.8,True,True,121,1.5811388300841898
1758350129847,388.5,259.0,309.5,256.5,94,4,-62,-5,0,-10.229329501533636,-2.3909360395503416,4.861954598549962,suspicious_sustained_off_center,True,1,0.8,True,True,122,1.4142135623730951
1758350129905,389.0,258.0,310.5,255.5,94,4,-61,-5,0,-9.47908572515916,-3.551758443781141,4.776579090850884,suspicious_sustained_off_center,True,1,0.8,True,True,123,1.25
1758350129975,389.5,256.5,311.5,254.5,93,2,-61,-4,0,-8.715039255027271,-4.521788471787887,4.7070050152457386,suspicious_sustained_off_center,True,1,0.8,True,True,124,1.4577379737113252
1758350130044,390.0,254.5,312.5,253.0,94,2,-61,-3,0,-8.029883581662158,-5.969824058936149,4.689544864957567,suspicious_sustained_off_center,True,1,0.8,True,True,125,1.9039432764659772
1758350130113,390.5,253.0,313.5,251.5,93,2,-61,-4,0,-7.383808545900559,-7.55630607430434,4.646665993574755,suspicious_sustained_off_center,True,1,0.8,True,True,126,1.6770509831248424
1758350130174,392.0,251.0,315.0,249.0,94,2,-60,-4,0,-6.510670502603203,-9.069802424373172,4.59740511637445,suspicious_sustained_off_center,True,1,0.8,True,True,127,2.704163456597992
1758350130264,393.0,249.0,316.5,247.0,94,3,-61,-3,0,-5.708023317532839,-10.727206888383497,4.596370790939915,suspicious_sustained_off_center,True,1,0.8,True,True,128,2.358495283014151
1758350130325,394.0,246.0,317.5,244.0,93,3,-61,-3,0,-5.038302145757554,-12.05389300223646,4.596185787341193,suspicious_sustained_off_center,True,1,0.8,True,True,129,3.1622776601683795
1758350130377,394.5,243.0,317.0,241.0,93,3,-61,-3,0,-4.499315528554973,-12.891840762045742,4.573959455980567,suspicious_sustained_off_center,True,1,0.8,True,True,130,3.0
1758350130429,394.0,239.5,316.5,237.5,93,2,-62,-4,0,-4.096539099389048,-13.396240900689666,4.543403336054263,suspicious_sustained_off_center,True,1,0.8,True,True,131,3.5355339059327378
1758350130471,393.5,237.0,315.5,235.0,93,2,-62,-4,0,-3.8566579541110837,-13.984610199331794,4.514233898814126,suspicious_sustained_off_center,True,1,0.8,True,True,132,2.6100766272276377
